Name,Slug,Collection ID,Locale ID,Item ID,Created On,Updated On,Published On,Meta Description,Meta Image
Friendship,friendship,669ed965c4e9664631c7afda,669ed965c4e9664631c7af9f,669f6a9715635291e2e79433,Tue Jul 23 2024 08:32:23 GMT+0000 (Coordinated Universal Time),Tue Jul 23 2024 08:32:23 GMT+0000 (Coordinated Universal Time),Tue Jul 23 2024 08:32:30 GMT+0000 (Coordinated Universal Time),,
Perspective,perspective,669ed965c4e9664631c7afda,669ed965c4e9664631c7af9f,669f6a6fae80700b305a93e4,Tue Jul 23 2024 08:31:43 GMT+0000 (Coordinated Universal Time),Tue Jul 23 2024 08:31:43 GMT+0000 (Coordinated Universal Time),Tue Jul 23 2024 08:32:30 GMT+0000 (Coordinated Universal Time),,
Inspiration,inspiration,669ed965c4e9664631c7afda,669ed965c4e9664631c7af9f,669f6a6212c3b5ea19aba30d,Tue Jul 23 2024 08:31:30 GMT+0000 (Coordinated Universal Time),Tue Jul 23 2024 08:31:30 GMT+0000 (Coordinated Universal Time),Tue Jul 23 2024 08:32:30 GMT+0000 (Coordinated Universal Time),,
Engagement,engagement,669ed965c4e9664631c7afda,669ed965c4e9664631c7af9f,669f6a556929cca29dcf80a9,Tue Jul 23 2024 08:31:17 GMT+0000 (Coordinated Universal Time),Tue Jul 23 2024 08:31:17 GMT+0000 (Coordinated Universal Time),Tue Jul 23 2024 08:32:30 GMT+0000 (Coordinated Universal Time),,
Consistency,consistency,669ed965c4e9664631c7afda,669ed965c4e9664631c7af9f,669f6a22fd65fdcdaef5d506,Tue Jul 23 2024 08:30:26 GMT+0000 (Coordinated Universal Time),Tue Jul 23 2024 08:30:26 GMT+0000 (Coordinated Universal Time),Tue Jul 23 2024 08:32:30 GMT+0000 (Coordinated Universal Time),,
Expansion,expansion,669ed965c4e9664631c7afda,669ed965c4e9664631c7af9f,669f6a1449215c1bc00e0511,Tue Jul 23 2024 08:30:12 GMT+0000 (Coordinated Universal Time),Tue Jul 23 2024 08:30:12 GMT+0000 (Coordinated Universal Time),Tue Jul 23 2024 08:32:30 GMT+0000 (Coordinated Universal Time),,
Dignity,dignity,669ed965c4e9664631c7afda,669ed965c4e9664631c7af9f,669f6a0160a6dde3db030cbc,Tue Jul 23 2024 08:29:53 GMT+0000 (Coordinated Universal Time),Tue Jul 23 2024 08:29:53 GMT+0000 (Coordinated Universal Time),Tue Jul 23 2024 08:32:30 GMT+0000 (Coordinated Universal Time),,
Impact,impact,669ed965c4e9664631c7afda,669ed965c4e9664631c7af9f,669f69f04b926b8b6a2fddbb,Tue Jul 23 2024 08:29:36 GMT+0000 (Coordinated Universal Time),Tue Jul 23 2024 08:29:36 GMT+0000 (Coordinated Universal Time),Tue Jul 23 2024 08:32:30 GMT+0000 (Coordinated Universal Time),,
Connection,connection,669ed965c4e9664631c7afda,669ed965c4e9664631c7af9f,669f69e176d236a5e9de75a1,Tue Jul 23 2024 08:29:21 GMT+0000 (Coordinated Universal Time),Tue Jul 23 2024 08:29:21 GMT+0000 (Coordinated Universal Time),Tue Jul 23 2024 08:32:30 GMT+0000 (Coordinated Universal Time),,
Purpose,purpose,669ed965c4e9664631c7afda,669ed965c4e9664631c7af9f,669f69c4183feb7e953aefea,Tue Jul 23 2024 08:28:52 GMT+0000 (Coordinated Universal Time),Tue Jul 23 2024 08:28:52 GMT+0000 (Coordinated Universal Time),Tue Jul 23 2024 08:32:30 GMT+0000 (Coordinated Universal Time),,
Resilience,resilience,669ed965c4e9664631c7afda,669ed965c4e9664631c7af9f,669f69b77d83e931d62d8026,Tue Jul 23 2024 08:28:39 GMT+0000 (Coordinated Universal Time),Tue Jul 23 2024 08:28:39 GMT+0000 (Coordinated Universal Time),Tue Jul 23 2024 08:32:30 GMT+0000 (Coordinated Universal Time),,
Support,support,669ed965c4e9664631c7afda,669ed965c4e9664631c7af9f,669f69a9e2e53d1f4f03e7e2,Tue Jul 23 2024 08:28:25 GMT+0000 (Coordinated Universal Time),Tue Jul 23 2024 08:28:25 GMT+0000 (Coordinated Universal Time),Tue Jul 23 2024 08:32:30 GMT+0000 (Coordinated Universal Time),,
Empathy,empathy,669ed965c4e9664631c7afda,669ed965c4e9664631c7af9f,669f699b4101ab551f89360f,Tue Jul 23 2024 08:28:11 GMT+0000 (Coordinated Universal Time),Tue Jul 23 2024 08:28:11 GMT+0000 (Coordinated Universal Time),Tue Jul 23 2024 08:32:30 GMT+0000 (Coordinated Universal Time),,
Volunteering,volunteering,669ed965c4e9664631c7afda,669ed965c4e9664631c7af9f,669f699030d3d2fcc5a449a3,Tue Jul 23 2024 08:28:00 GMT+0000 (Coordinated Universal Time),Tue Jul 23 2024 08:28:00 GMT+0000 (Coordinated Universal Time),Tue Jul 23 2024 08:32:30 GMT+0000 (Coordinated Universal Time),,
Community,community,669ed965c4e9664631c7afda,669ed965c4e9664631c7af9f,669ed965c4e9664631c7affa,Sun Apr 07 2024 02:51:43 GMT+0000 (Coordinated Universal Time),Sun Apr 14 2024 06:09:03 GMT+0000 (Coordinated Universal Time),Mon Jul 22 2024 22:19:32 GMT+0000 (Coordinated Universal Time),xplore insights and stories that foster stronger connections and collaborative environments in our Community blog section.,https://uploads-ssl.webflow.com/669ed965c4e9664631c7afc4/669ed965c4e9664631c7b02b_keyword-metaimage.webp
RHD,rhd,669ed965c4e9664631c7afda,669ed965c4e9664631c7af9f,669ed965c4e9664631c7aff9,Sun Apr 07 2024 02:51:25 GMT+0000 (Coordinated Universal Time),Tue Jul 23 2024 08:26:22 GMT+0000 (Coordinated Universal Time),Tue Jul 23 2024 08:32:30 GMT+0000 (Coordinated Universal Time),"Dive into the latest trends, strategies, and innovative ideas that are shaping the future of Marketing.",https://uploads-ssl.webflow.com/669ed965c4e9664631c7afc4/669ed965c4e9664631c7b02b_keyword-metaimage.webp
Prevention,prevention,669ed965c4e9664631c7afda,669ed965c4e9664631c7af9f,669ed965c4e9664631c7aff8,Sun Apr 07 2024 02:50:51 GMT+0000 (Coordinated Universal Time),Tue Jul 23 2024 08:26:36 GMT+0000 (Coordinated Universal Time),Tue Jul 23 2024 08:32:30 GMT+0000 (Coordinated Universal Time),"Stay ahead of the curve with our Search Engine blog, featuring the newest updates, optimization techniques, and industry best practices.",https://uploads-ssl.webflow.com/669ed965c4e9664631c7afc4/669ed965c4e9664631c7b02b_keyword-metaimage.webp
Collaboration,collaboration,669ed965c4e9664631c7afda,669ed965c4e9664631c7af9f,669ed965c4e9664631c7aff7,Sun Apr 07 2024 02:50:38 GMT+0000 (Coordinated Universal Time),Tue Jul 23 2024 08:26:51 GMT+0000 (Coordinated Universal Time),Tue Jul 23 2024 08:32:30 GMT+0000 (Coordinated Universal Time),Learn how to maximize your returns from Pay-Per-Click campaigns with expert tips and actionable advice in our PPC blog section.,https://uploads-ssl.webflow.com/669ed965c4e9664631c7afc4/669ed965c4e9664631c7b02b_keyword-metaimage.webp
Hygiene,hygiene,669ed965c4e9664631c7afda,669ed965c4e9664631c7af9f,669ed965c4e9664631c7aff6,Sun Apr 07 2024 02:50:27 GMT+0000 (Coordinated Universal Time),Tue Jul 23 2024 08:27:04 GMT+0000 (Coordinated Universal Time),Tue Jul 23 2024 08:32:30 GMT+0000 (Coordinated Universal Time),Discover effective ways to boost your audience interaction and engagement across all platforms with our curated content.,https://uploads-ssl.webflow.com/669ed965c4e9664631c7afc4/669ed965c4e9664631c7b02b_keyword-metaimage.webp
Education,education,669ed965c4e9664631c7afda,669ed965c4e9664631c7af9f,669ed965c4e9664631c7aff5,Sun Apr 07 2024 02:50:17 GMT+0000 (Coordinated Universal Time),Tue Jul 23 2024 08:27:17 GMT+0000 (Coordinated Universal Time),Tue Jul 23 2024 08:32:30 GMT+0000 (Coordinated Universal Time),"Gain essential knowledge to propel your business forward, covering everything from startup advice to advanced business strategies.",https://uploads-ssl.webflow.com/669ed965c4e9664631c7afc4/669ed965c4e9664631c7b02b_keyword-metaimage.webp
Homelessness,homelessness,669ed965c4e9664631c7afda,669ed965c4e9664631c7af9f,669ed965c4e9664631c7aff4,Sun Apr 07 2024 02:49:58 GMT+0000 (Coordinated Universal Time),Tue Jul 23 2024 08:27:33 GMT+0000 (Coordinated Universal Time),Tue Jul 23 2024 08:32:30 GMT+0000 (Coordinated Universal Time)," Enhance user experience with our UX blog, where we cover the latest design principles, usability testing, and user-centric strategies.",https://uploads-ssl.webflow.com/669ed965c4e9664631c7afc4/669ed965c4e9664631c7b02b_keyword-metaimage.webp
